series_id,source,timestamp,value,percent_change
CPIAUCSL,fred,1947-01-01T00:00:00+00:00,21.48,
CPIAUCSL,fred,1947-02-01T00:00:00+00:00,21.62,0.006517690875232801
CPIAUCSL,fred,1947-03-01T00:00:00+00:00,22.0,0.01757631822386674
CPIAUCSL,fred,1947-04-01T00:00:00+00:00,22.0,0.0
CPIAUCSL,fred,1947-05-01T00:00:00+00:00,21.95,-0.002272727272727305
CPIAUCSL,fred,1947-06-01T00:00:00+00:00,22.08,0.005922551252847335
CPIAUCSL,fred,1947-07-01T00:00:00+00:00,22.23,0.006793478260869662
CPIAUCSL,fred,1947-08-01T00:00:00+00:00,22.4,0.007647323436797038
CPIAUCSL,fred,1947-09-01T00:00:00+00:00,22.84,0.0196428571428572
CPIAUCSL,fred,1947-10-01T00:00:00+00:00,22.91,0.0030647985989492245
CPIAUCSL,fred,1947-11-01T00:00:00+00:00,23.06,0.006547359231776455
CPIAUCSL,fred,1947-12-01T00:00:00+00:00,23.41,0.015177797051170921
CPIAUCSL,fred,1948-01-01T00:00:00+00:00,23.68,0.01153353267834257
CPIAUCSL,fred,1948-02-01T00:00:00+00:00,23.67,-0.0004222972972972133
CPIAUCSL,fred,1948-03-01T00:00:00+00:00,23.5,-0.007182087029995847
CPIAUCSL,fred,1948-04-01T00:00:00+00:00,23.82,0.013617021276595757
CPIAUCSL,fred,1948-05-01T00:00:00+00:00,24.01,0.007976490344248584
CPIAUCSL,fred,1948-06-01T00:00:00+00:00,24.15,0.0058309037900873386
CPIAUCSL,fred,1948-07-01T00:00:00+00:00,24.4,0.010351966873706004
CPIAUCSL,fred,1948-08-01T00:00:00+00:00,24.43,0.0012295081967213582
CPIAUCSL,fred,1948-09-01T00:00:00+00:00,24.36,-0.0028653295128939944
CPIAUCSL,fred,1948-10-01T00:00:00+00:00,24.31,-0.002052545155993461
CPIAUCSL,fred,1948-11-01T00:00:00+00:00,24.16,-0.0061703002879472885
CPIAUCSL,fred,1948-12-01T00:00:00+00:00,24.05,-0.0045529801324503075
CPIAUCSL,fred,1949-01-01T00:00:00+00:00,24.01,-0.0016632016632016277
CPIAUCSL,fred,1949-02-01T00:00:00+00:00,23.91,-0.004164931278633962
CPIAUCSL,fred,1949-03-01T00:00:00+00:00,23.91,0.0
CPIAUCSL,fred,1949-04-01T00:00:00+00:00,23.92,0.0004182350480970959
CPIAUCSL,fred,1949-05-01T00:00:00+00:00,23.91,-0.00041806020066896164
CPIAUCSL,fred,1949-06-01T00:00:00+00:00,23.92,0.0004182350480970959
CPIAUCSL,fred,1949-07-01T00:00:00+00:00,23.7,-0.009197324414715819
CPIAUCSL,fred,1949-08-01T00:00:00+00:00,23.7,0.0
CPIAUCSL,fred,1949-09-01T00:00:00+00:00,23.75,0.002109704641350241
CPIAUCSL,fred,1949-10-01T00:00:00+00:00,23.67,-0.003368421052631507
CPIAUCSL,fred,1949-11-01T00:00:00+00:00,23.7,0.0012674271229403287
CPIAUCSL,fred,1949-12-01T00:00:00+00:00,23.61,-0.003797468354430374
CPIAUCSL,fred,1950-01-01T00:00:00+00:00,23.51,-0.004235493434985085
CPIAUCSL,fred,1950-02-01T00:00:00+00:00,23.61,0.004253509145044571
CPIAUCSL,fred,1950-03-01T00:00:00+00:00,23.64,0.001270648030495601
CPIAUCSL,fred,1950-04-01T00:00:00+00:00,23.65,0.00042301184433155714
CPIAUCSL,fred,1950-05-01T00:00:00+00:00,23.77,0.0050739957716702325
CPIAUCSL,fred,1950-06-01T00:00:00+00:00,23.88,0.004627681952040363
CPIAUCSL,fred,1950-07-01T00:00:00+00:00,24.07,0.007956448911222835
CPIAUCSL,fred,1950-08-01T00:00:00+00:00,24.2,0.005400914000830868
CPIAUCSL,fred,1950-09-01T00:00:00+00:00,24.34,0.005785123966942173
CPIAUCSL,fred,1950-10-01T00:00:00+00:00,24.5,0.006573541495480696
CPIAUCSL,fred,1950-11-01T00:00:00+00:00,24.6,0.004081632653061282
CPIAUCSL,fred,1950-12-01T00:00:00+00:00,24.98,0.015447154471544674
CPIAUCSL,fred,1951-01-01T00:00:00+00:00,25.38,0.016012810248198502
CPIAUCSL,fred,1951-02-01T00:00:00+00:00,25.83,0.017730496453900683
CPIAUCSL,fred,1951-03-01T00:00:00+00:00,25.88,0.0019357336430507438
CPIAUCSL,fred,1951-04-01T00:00:00+00:00,25.92,0.0015455950540959314
CPIAUCSL,fred,1951-05-01T00:00:00+00:00,25.99,0.002700617283950491
CPIAUCSL,fred,1951-06-01T00:00:00+00:00,25.93,-0.002308580223162706
CPIAUCSL,fred,1951-07-01T00:00:00+00:00,25.91,-0.0007713073659853287
CPIAUCSL,fred,1951-08-01T00:00:00+00:00,25.86,-0.0019297568506368471
CPIAUCSL,fred,1951-09-01T00:00:00+00:00,26.03,0.006573859242072765
CPIAUCSL,fred,1951-10-01T00:00:00+00:00,26.16,0.0049942374183633885
CPIAUCSL,fred,1951-11-01T00:00:00+00:00,26.32,0.006116207951070342
CPIAUCSL,fred,1951-12-01T00:00:00+00:00,26.47,0.005699088145896603
CPIAUCSL,fred,1952-01-01T00:00:00+00:00,26.45,-0.0007555723460521184
CPIAUCSL,fred,1952-02-01T00:00:00+00:00,26.41,-0.0015122873345935406
CPIAUCSL,fred,1952-03-01T00:00:00+00:00,26.39,-0.000757288905717515
CPIAUCSL,fred,1952-04-01T00:00:00+00:00,26.46,0.002652519893899215
CPIAUCSL,fred,1952-05-01T00:00:00+00:00,26.47,0.0003779289493574456
CPIAUCSL,fred,1952-06-01T00:00:00+00:00,26.53,0.0022667170381564894
CPIAUCSL,fred,1952-07-01T00:00:00+00:00,26.68,0.005653976630229874
CPIAUCSL,fred,1952-08-01T00:00:00+00:00,26.69,0.000374812593703207
CPIAUCSL,fred,1952-09-01T00:00:00+00:00,26.63,-0.0022480329711503286
CPIAUCSL,fred,1952-10-01T00:00:00+00:00,26.69,0.00225309800976351
CPIAUCSL,fred,1952-11-01T00:00:00+00:00,26.69,0.0
CPIAUCSL,fred,1952-12-01T00:00:00+00:00,26.71,0.0007493443237167318
CPIAUCSL,fred,1953-01-01T00:00:00+00:00,26.64,-0.002620741295394994
CPIAUCSL,fred,1953-02-01T00:00:00+00:00,26.59,-0.0018768768768769035
CPIAUCSL,fred,1953-03-01T00:00:00+00:00,26.63,0.001504324934185752
CPIAUCSL,fred,1953-04-01T00:00:00+00:00,26.69,0.00225309800976351
CPIAUCSL,fred,1953-05-01T00:00:00+00:00,26.7,0.0003746721618582994
CPIAUCSL,fred,1953-06-01T00:00:00+00:00,26.77,0.002621722846441958
CPIAUCSL,fred,1953-07-01T00:00:00+00:00,26.79,0.0007471049682480229
CPIAUCSL,fred,1953-08-01T00:00:00+00:00,26.85,0.0022396416573349114
CPIAUCSL,fred,1953-09-01T00:00:00+00:00,26.89,0.001489757914338888
CPIAUCSL,fred,1953-10-01T00:00:00+00:00,26.95,0.002231312755671206
CPIAUCSL,fred,1953-11-01T00:00:00+00:00,26.85,-0.003710575139146489
CPIAUCSL,fred,1953-12-01T00:00:00+00:00,26.87,0.000744878957169444
CPIAUCSL,fred,1954-01-01T00:00:00+00:00,26.94,0.002605135839225913
CPIAUCSL,fred,1954-02-01T00:00:00+00:00,26.99,0.0018559762435039775
CPIAUCSL,fred,1954-03-01T00:00:00+00:00,26.93,-0.0022230455724341876
CPIAUCSL,fred,1954-04-01T00:00:00+00:00,26.86,-0.00259933160044561
CPIAUCSL,fred,1954-05-01T00:00:00+00:00,26.93,0.002606105733432624
CPIAUCSL,fred,1954-06-01T00:00:00+00:00,26.94,0.00037133308577800086
CPIAUCSL,fred,1954-07-01T00:00:00+00:00,26.86,-0.0029695619896066014
CPIAUCSL,fred,1954-08-01T00:00:00+00:00,26.85,-0.0003723008190617279
CPIAUCSL,fred,1954-09-01T00:00:00+00:00,26.81,-0.0014897579143390205
CPIAUCSL,fred,1954-10-01T00:00:00+00:00,26.72,-0.0033569563595673203
CPIAUCSL,fred,1954-11-01T00:00:00+00:00,26.78,0.0022455089820360135
CPIAUCSL,fred,1954-12-01T00:00:00+00:00,26.77,-0.00037341299477227643
CPIAUCSL,fred,1955-01-01T00:00:00+00:00,26.77,0.0
CPIAUCSL,fred,1955-02-01T00:00:00+00:00,26.82,0.0018677624206201236
CPIAUCSL,fred,1955-03-01T00:00:00+00:00,26.79,-0.0011185682326622349
CPIAUCSL,fred,1955-04-01T00:00:00+00:00,26.79,0.0
CPIAUCSL,fred,1955-05-01T00:00:00+00:00,26.77,-0.0007465472191115929
CPIAUCSL,fred,1955-06-01T00:00:00+00:00,26.71,-0.0022413149047440686
CPIAUCSL,fred,1955-07-01T00:00:00+00:00,26.76,0.0018719580681393001
CPIAUCSL,fred,1955-08-01T00:00:00+00:00,26.72,-0.0014947683109119096
CPIAUCSL,fred,1955-09-01T00:00:00+00:00,26.85,0.00486526946107794
CPIAUCSL,fred,1955-10-01T00:00:00+00:00,26.82,-0.0011173184357542321
CPIAUCSL,fred,1955-11-01T00:00:00+00:00,26.88,0.002237136465324337
CPIAUCSL,fred,1955-12-01T00:00:00+00:00,26.87,-0.0003720238095237355
CPIAUCSL,fred,1956-01-01T00:00:00+00:00,26.83,-0.0014886490509863305
CPIAUCSL,fred,1956-02-01T00:00:00+00:00,26.86,0.0011181513231457748
CPIAUCSL,fred,1956-03-01T00:00:00+00:00,26.89,0.001116902457185448
CPIAUCSL,fred,1956-04-01T00:00:00+00:00,26.93,0.0014875418371141371
CPIAUCSL,fred,1956-05-01T00:00:00+00:00,27.03,0.003713330857779481
CPIAUCSL,fred,1956-06-01T00:00:00+00:00,27.15,0.0044395116537179966
CPIAUCSL,fred,1956-07-01T00:00:00+00:00,27.29,0.0051565377532228574
CPIAUCSL,fred,1956-08-01T00:00:00+00:00,27.31,0.0007328691828508455
CPIAUCSL,fred,1956-09-01T00:00:00+00:00,27.35,0.0014646649578909814
CPIAUCSL,fred,1956-10-01T00:00:00+00:00,27.51,0.00585009140767825
CPIAUCSL,fred,1956-11-01T00:00:00+00:00,27.51,0.0
CPIAUCSL,fred,1956-12-01T00:00:00+00:00,27.63,0.004362050163576788
CPIAUCSL,fred,1957-01-01T00:00:00+00:00,27.67,0.0014477017734347702
CPIAUCSL,fred,1957-02-01T00:00:00+00:00,27.8,0.004698229129020563
CPIAUCSL,fred,1957-03-01T00:00:00+00:00,27.86,0.002158273381294918
CPIAUCSL,fred,1957-04-01T00:00:00+00:00,27.93,0.002512562814070362
CPIAUCSL,fred,1957-05-01T00:00:00+00:00,28.0,0.0025062656641604113
CPIAUCSL,fred,1957-06-01T00:00:00+00:00,28.11,0.003928571428571408
CPIAUCSL,fred,1957-07-01T00:00:00+00:00,28.19,0.00284596229099971
CPIAUCSL,fred,1957-08-01T00:00:00+00:00,28.28,0.003192621496984741
CPIAUCSL,fred,1957-09-01T00:00:00+00:00,28.32,0.0014144271570013841
CPIAUCSL,fred,1957-10-01T00:00:00+00:00,28.32,0.0
CPIAUCSL,fred,1957-11-01T00:00:00+00:00,28.41,0.0031779661016949103
CPIAUCSL,fred,1957-12-01T00:00:00+00:00,28.47,0.002111932418162574
CPIAUCSL,fred,1958-01-01T00:00:00+00:00,28.64,0.00597119775201973
CPIAUCSL,fred,1958-02-01T00:00:00+00:00,28.7,0.0020949720670390614
CPIAUCSL,fred,1958-03-01T00:00:00+00:00,28.87,0.005923344947735251
CPIAUCSL,fred,1958-04-01T00:00:00+00:00,28.94,0.0024246622791825522
CPIAUCSL,fred,1958-05-01T00:00:00+00:00,28.94,0.0
CPIAUCSL,fred,1958-06-01T00:00:00+00:00,28.91,-0.0010366275051831768
CPIAUCSL,fred,1958-07-01T00:00:00+00:00,28.89,-0.0006918021445866335
CPIAUCSL,fred,1958-08-01T00:00:00+00:00,28.94,0.001730702665282129
CPIAUCSL,fred,1958-09-01T00:00:00+00:00,28.91,-0.0010366275051831768
CPIAUCSL,fred,1958-10-01T00:00:00+00:00,28.91,0.0
CPIAUCSL,fred,1958-11-01T00:00:00+00:00,28.95,0.001383604289173267
CPIAUCSL,fred,1958-12-01T00:00:00+00:00,28.97,0.0006908462867011943
CPIAUCSL,fred,1959-01-01T00:00:00+00:00,29.01,0.0013807386952020262
CPIAUCSL,fred,1959-02-01T00:00:00+00:00,29.0,-0.0003447087211306985
CPIAUCSL,fred,1959-03-01T00:00:00+00:00,28.97,-0.001034482758620729
CPIAUCSL,fred,1959-04-01T00:00:00+00:00,28.98,0.00034518467380053724
CPIAUCSL,fred,1959-05-01T00:00:00+00:00,29.04,0.0020703933747411567
CPIAUCSL,fred,1959-06-01T00:00:00+00:00,29.11,0.0024104683195592387
CPIAUCSL,fred,1959-07-01T00:00:00+00:00,29.15,0.0013740982480247045
CPIAUCSL,fred,1959-08-01T00:00:00+00:00,29.18,0.0010291595197255965
CPIAUCSL,fred,1959-09-01T00:00:00+00:00,29.25,0.0023989033584647114
CPIAUCSL,fred,1959-10-01T00:00:00+00:00,29.35,0.0034188034188034674
CPIAUCSL,fred,1959-11-01T00:00:00+00:00,29.35,0.0
CPIAUCSL,fred,1959-12-01T00:00:00+00:00,29.41,0.002044293015332154
CPIAUCSL,fred,1960-01-01T00:00:00+00:00,29.37,-0.0013600816048962648
CPIAUCSL,fred,1960-02-01T00:00:00+00:00,29.41,0.00136193394620358
CPIAUCSL,fred,1960-03-01T00:00:00+00:00,29.41,0.0
CPIAUCSL,fred,1960-04-01T00:00:00+00:00,29.54,0.004420265215912921
CPIAUCSL,fred,1960-05-01T00:00:00+00:00,29.57,0.0010155721056195376
CPIAUCSL,fred,1960-06-01T00:00:00+00:00,29.61,0.0013527223537368666
CPIAUCSL,fred,1960-07-01T00:00:00+00:00,29.55,-0.0020263424518743235
CPIAUCSL,fred,1960-08-01T00:00:00+00:00,29.61,0.002030456852791835
CPIAUCSL,fred,1960-09-01T00:00:00+00:00,29.61,0.0
CPIAUCSL,fred,1960-10-01T00:00:00+00:00,29.75,0.004728132387706875
CPIAUCSL,fred,1960-11-01T00:00:00+00:00,29.78,0.001008403361344576
CPIAUCSL,fred,1960-12-01T00:00:00+00:00,29.81,0.0010073875083948147
CPIAUCSL,fred,1961-01-01T00:00:00+00:00,29.84,0.0010063737001006756
CPIAUCSL,fred,1961-02-01T00:00:00+00:00,29.84,0.0
CPIAUCSL,fred,1961-03-01T00:00:00+00:00,29.84,0.0
CPIAUCSL,fred,1961-04-01T00:00:00+00:00,29.81,-0.0010053619302949443
CPIAUCSL,fred,1961-05-01T00:00:00+00:00,29.84,0.0010063737001006756
CPIAUCSL,fred,1961-06-01T00:00:00+00:00,29.84,0.0
CPIAUCSL,fred,1961-07-01T00:00:00+00:00,29.92,0.002680965147453145
CPIAUCSL,fred,1961-08-01T00:00:00+00:00,29.94,0.0006684491978609483
CPIAUCSL,fred,1961-09-01T00:00:00+00:00,29.98,0.0013360053440213476
CPIAUCSL,fred,1961-10-01T00:00:00+00:00,29.98,0.0
CPIAUCSL,fred,1961-11-01T00:00:00+00:00,29.98,0.0
CPIAUCSL,fred,1961-12-01T00:00:00+00:00,30.01,0.0010006671114076429
CPIAUCSL,fred,1962-01-01T00:00:00+00:00,30.04,0.0009996667777406726
CPIAUCSL,fred,1962-02-01T00:00:00+00:00,30.11,0.0023302263648468805
CPIAUCSL,fred,1962-03-01T00:00:00+00:00,30.17,0.001992693457323224
CPIAUCSL,fred,1962-04-01T00:00:00+00:00,30.21,0.0013258203513423648
CPIAUCSL,fred,1962-05-01T00:00:00+00:00,30.24,0.0009930486593842298
CPIAUCSL,fred,1962-06-01T00:00:00+00:00,30.21,-0.0009920634920634122
CPIAUCSL,fred,1962-07-01T00:00:00+00:00,30.22,0.0003310162197947041
CPIAUCSL,fred,1962-08-01T00:00:00+00:00,30.28,0.0019854401058902143
CPIAUCSL,fred,1962-09-01T00:00:00+00:00,30.42,0.00462351387054163
CPIAUCSL,fred,1962-10-01T00:00:00+00:00,30.38,-0.0013149243918475575
CPIAUCSL,fred,1962-11-01T00:00:00+00:00,30.38,0.0
CPIAUCSL,fred,1962-12-01T00:00:00+00:00,30.38,0.0
CPIAUCSL,fred,1963-01-01T00:00:00+00:00,30.44,0.001974983541803893
CPIAUCSL,fred,1963-02-01T00:00:00+00:00,30.48,0.0013140604467805237
CPIAUCSL,fred,1963-03-01T00:00:00+00:00,30.51,0.0009842519685039743
CPIAUCSL,fred,1963-04-01T00:00:00+00:00,30.48,-0.0009832841691249142
CPIAUCSL,fred,1963-05-01T00:00:00+00:00,30.51,0.0009842519685039743
CPIAUCSL,fred,1963-06-01T00:00:00+00:00,30.61,0.0032776138970828537
CPIAUCSL,fred,1963-07-01T00:00:00+00:00,30.69,0.0026135249918327946
CPIAUCSL,fred,1963-08-01T00:00:00+00:00,30.75,0.0019550342130986876
CPIAUCSL,fred,1963-09-01T00:00:00+00:00,30.72,-0.000975609756097598
CPIAUCSL,fred,1963-10-01T00:00:00+00:00,30.75,0.000976562500000037
CPIAUCSL,fred,1963-11-01T00:00:00+00:00,30.78,0.000975609756097598
CPIAUCSL,fred,1963-12-01T00:00:00+00:00,30.88,0.0032488628979856354
CPIAUCSL,fred,1964-01-01T00:00:00+00:00,30.94,0.001943005181347224
CPIAUCSL,fred,1964-02-01T00:00:00+00:00,30.91,-0.0009696186166774769
CPIAUCSL,fred,1964-03-01T00:00:00+00:00,30.94,0.0009705596894209362
CPIAUCSL,fred,1964-04-01T00:00:00+00:00,30.95,0.00032320620555908243
CPIAUCSL,fred,1964-05-01T00:00:00+00:00,30.98,0.0009693053311793582
CPIAUCSL,fred,1964-06-01T00:00:00+00:00,31.01,0.0009683666881859631
CPIAUCSL,fred,1964-07-01T00:00:00+00:00,31.02,0.0003224766204449536
CPIAUCSL,fred,1964-08-01T00:00:00+00:00,31.05,0.0009671179883946208
CPIAUCSL,fred,1964-09-01T00:00:00+00:00,31.08,0.0009661835748791492
CPIAUCSL,fred,1964-10-01T00:00:00+00:00,31.12,0.001287001287001374
CPIAUCSL,fred,1964-11-01T00:00:00+00:00,31.21,0.002892030848329044
CPIAUCSL,fred,1964-12-01T00:00:00+00:00,31.25,0.0012816404998397676
CPIAUCSL,fred,1965-01-01T00:00:00+00:00,31.28,0.0009600000000000363
CPIAUCSL,fred,1965-02-01T00:00:00+00:00,31.28,0.0
CPIAUCSL,fred,1965-03-01T00:00:00+00:00,31.31,0.0009590792838873908
CPIAUCSL,fred,1965-04-01T00:00:00+00:00,31.38,0.0022357074417119222
CPIAUCSL,fred,1965-05-01T00:00:00+00:00,31.48,0.003186743148502276
CPIAUCSL,fred,1965-06-01T00:00:00+00:00,31.61,0.004129606099110515
CPIAUCSL,fred,1965-07-01T00:00:00+00:00,31.58,-0.0009490667510281916
CPIAUCSL,fred,1965-08-01T00:00:00+00:00,31.55,-0.0009499683343887772
CPIAUCSL,fred,1965-09-01T00:00:00+00:00,31.62,0.002218700475435825
CPIAUCSL,fred,1965-10-01T00:00:00+00:00,31.65,0.0009487666034154834
CPIAUCSL,fred,1965-11-01T00:00:00+00:00,31.75,0.0031595576619273752
CPIAUCSL,fred,1965-12-01T00:00:00+00:00,31.85,0.003149606299212643
CPIAUCSL,fred,1966-01-01T00:00:00+00:00,31.88,0.0009419152276294374
CPIAUCSL,fred,1966-02-01T00:00:00+00:00,32.08,0.006273525721455436
CPIAUCSL,fred,1966-03-01T00:00:00+00:00,32.18,0.0031172069825436853
CPIAUCSL,fred,1966-04-01T00:00:00+00:00,32.28,0.003107520198881337
CPIAUCSL,fred,1966-05-01T00:00:00+00:00,32.35,0.002168525402726155
CPIAUCSL,fred,1966-06-01T00:00:00+00:00,32.38,0.0009273570324575312
CPIAUCSL,fred,1966-07-01T00:00:00+00:00,32.45,0.002161828289067334
CPIAUCSL,fred,1966-08-01T00:00:00+00:00,32.65,0.006163328197226371
CPIAUCSL,fred,1966-09-01T00:00:00+00:00,32.75,0.003062787136294071
CPIAUCSL,fred,1966-10-01T00:00:00+00:00,32.85,0.00305343511450386
CPIAUCSL,fred,1966-11-01T00:00:00+00:00,32.88,0.0009132420091324546
CPIAUCSL,fred,1966-12-01T00:00:00+00:00,32.92,0.0012165450121654241
CPIAUCSL,fred,1967-01-01T00:00:00+00:00,32.9,-0.0006075334143378835
CPIAUCSL,fred,1967-02-01T00:00:00+00:00,33.0,0.0030395136778115935
CPIAUCSL,fred,1967-03-01T00:00:00+00:00,33.0,0.0
CPIAUCSL,fred,1967-04-01T00:00:00+00:00,33.1,0.0030303030303030732
CPIAUCSL,fred,1967-05-01T00:00:00+00:00,33.1,0.0
CPIAUCSL,fred,1967-06-01T00:00:00+00:00,33.3,0.006042296072507424
CPIAUCSL,fred,1967-07-01T00:00:00+00:00,33.4,0.003003003003003046
CPIAUCSL,fred,1967-08-01T00:00:00+00:00,33.5,0.002994011976047947
CPIAUCSL,fred,1967-09-01T00:00:00+00:00,33.6,0.002985074626865714
CPIAUCSL,fred,1967-10-01T00:00:00+00:00,33.7,0.0029761904761905185
CPIAUCSL,fred,1967-11-01T00:00:00+00:00,33.9,0.00593471810089008
CPIAUCSL,fred,1967-12-01T00:00:00+00:00,34.0,0.0029498525073746733
CPIAUCSL,fred,1968-01-01T00:00:00+00:00,34.1,0.002941176470588277
CPIAUCSL,fred,1968-02-01T00:00:00+00:00,34.2,0.0029325513196481355
CPIAUCSL,fred,1968-03-01T00:00:00+00:00,34.3,0.0029239766081869682
CPIAUCSL,fred,1968-04-01T00:00:00+00:00,34.4,0.0029154518950437734
CPIAUCSL,fred,1968-05-01T00:00:00+00:00,34.5,0.002906976744186088
CPIAUCSL,fred,1968-06-01T00:00:00+00:00,34.7,0.005797101449275445
CPIAUCSL,fred,1968-07-01T00:00:00+00:00,34.9,0.005763688760806793
CPIAUCSL,fred,1968-08-01T00:00:00+00:00,35.0,0.0028653295128940235
CPIAUCSL,fred,1968-09-01T00:00:00+00:00,35.1,0.002857142857142898
CPIAUCSL,fred,1968-10-01T00:00:00+00:00,35.3,0.005698005698005576
CPIAUCSL,fred,1968-11-01T00:00:00+00:00,35.4,0.00283286118980174
CPIAUCSL,fred,1968-12-01T00:00:00+00:00,35.6,0.005649717514124374
CPIAUCSL,fred,1969-01-01T00:00:00+00:00,35.7,0.0028089887640449836
CPIAUCSL,fred,1969-02-01T00:00:00+00:00,35.8,0.002801120448179112
CPIAUCSL,fred,1969-03-01T00:00:00+00:00,36.1,0.008379888268156544
CPIAUCSL,fred,1969-04-01T00:00:00+00:00,36.3,0.005540166204986032
CPIAUCSL,fred,1969-05-01T00:00:00+00:00,36.4,0.002754820936639158
CPIAUCSL,fred,1969-06-01T00:00:00+00:00,36.6,0.005494505494505573
CPIAUCSL,fred,1969-07-01T00:00:00+00:00,36.8,0.005464480874316823
CPIAUCSL,fred,1969-08-01T00:00:00+00:00,36.9,0.002717391304347865
CPIAUCSL,fred,1969-09-01T00:00:00+00:00,37.1,0.005420054200542083
CPIAUCSL,fred,1969-10-01T00:00:00+00:00,37.3,0.00539083557951471
CPIAUCSL,fred,1969-11-01T00:00:00+00:00,37.5,0.005361930294906243
CPIAUCSL,fred,1969-12-01T00:00:00+00:00,37.7,0.0053333333333334095
CPIAUCSL,fred,1970-01-01T00:00:00+00:00,37.9,0.005305039787798295
CPIAUCSL,fred,1970-02-01T00:00:00+00:00,38.1,0.005277044854881342
CPIAUCSL,fred,1970-03-01T00:00:00+00:00,38.3,0.005249343832020885
CPIAUCSL,fred,1970-04-01T00:00:00+00:00,38.5,0.005221932114882581
CPIAUCSL,fred,1970-05-01T00:00:00+00:00,38.6,0.0025974025974026343
CPIAUCSL,fred,1970-06-01T00:00:00+00:00,38.8,0.0051813471502589565
CPIAUCSL,fred,1970-07-01T00:00:00+00:00,38.9,0.002577319587628903
CPIAUCSL,fred,1970-08-01T00:00:00+00:00,39.0,0.0025706940874036356
CPIAUCSL,fred,1970-09-01T00:00:00+00:00,39.2,0.005128205128205201
CPIAUCSL,fred,1970-10-01T00:00:00+00:00,39.4,0.005102040816326422
CPIAUCSL,fred,1970-11-01T00:00:00+00:00,39.6,0.005076142131979768
CPIAUCSL,fred,1970-12-01T00:00:00+00:00,39.8,0.0050505050505049425
CPIAUCSL,fred,1971-01-01T00:00:00+00:00,39.9,0.002512562814070388
CPIAUCSL,fred,1971-02-01T00:00:00+00:00,39.9,0.0
CPIAUCSL,fred,1971-03-01T00:00:00+00:00,40.0,0.002506265664160437
CPIAUCSL,fred,1971-04-01T00:00:00+00:00,40.1,0.0025000000000000356
CPIAUCSL,fred,1971-05-01T00:00:00+00:00,40.3,0.004987531172069719
CPIAUCSL,fred,1971-06-01T00:00:00+00:00,40.5,0.0049627791563276145
CPIAUCSL,fred,1971-07-01T00:00:00+00:00,40.6,0.002469135802469171
CPIAUCSL,fred,1971-08-01T00:00:00+00:00,40.7,0.002463054187192153
CPIAUCSL,fred,1971-09-01T00:00:00+00:00,40.8,0.0024570024570023173
CPIAUCSL,fred,1971-10-01T00:00:00+00:00,40.9,0.002450980392156898
CPIAUCSL,fred,1971-11-01T00:00:00+00:00,41.0,0.0024449877750611594
CPIAUCSL,fred,1971-12-01T00:00:00+00:00,41.1,0.002439024390243937
CPIAUCSL,fred,1972-01-01T00:00:00+00:00,41.2,0.0024330900243309346
CPIAUCSL,fred,1972-02-01T00:00:00+00:00,41.4,0.004854368932038731
CPIAUCSL,fred,1972-03-01T00:00:00+00:00,41.4,0.0
CPIAUCSL,fred,1972-04-01T00:00:00+00:00,41.5,0.002415458937198102
CPIAUCSL,fred,1972-05-01T00:00:00+00:00,41.6,0.0024096385542169015
CPIAUCSL,fred,1972-06-01T00:00:00+00:00,41.7,0.002403846153846188
CPIAUCSL,fred,1972-07-01T00:00:00+00:00,41.8,0.002398081534772046
CPIAUCSL,fred,1972-08-01T00:00:00+00:00,41.9,0.0023923444976076897
CPIAUCSL,fred,1972-09-01T00:00:00+00:00,42.1,0.004773269689737538
CPIAUCSL,fred,1972-10-01T00:00:00+00:00,42.2,0.0023752969121140478
CPIAUCSL,fred,1972-11-01T00:00:00+00:00,42.4,0.004739336492890894
CPIAUCSL,fred,1972-12-01T00:00:00+00:00,42.5,0.0023584905660377696
CPIAUCSL,fred,1973-01-01T00:00:00+00:00,42.7,0.004705882352941244
CPIAUCSL,fred,1973-02-01T00:00:00+00:00,43.0,0.007025761124121713
CPIAUCSL,fred,1973-03-01T00:00:00+00:00,43.4,0.009302325581395316
CPIAUCSL,fred,1973-04-01T00:00:00+00:00,43.7,0.0069124423963134625
CPIAUCSL,fred,1973-05-01T00:00:00+00:00,43.9,0.004576659038901504
CPIAUCSL,fred,1973-06-01T00:00:00+00:00,44.2,0.006833712984054767
CPIAUCSL,fred,1973-07-01T00:00:00+00:00,44.2,0.0
CPIAUCSL,fred,1973-08-01T00:00:00+00:00,45.0,0.018099547511312153
CPIAUCSL,fred,1973-09-01T00:00:00+00:00,45.2,0.004444444444444508
CPIAUCSL,fred,1973-10-01T00:00:00+00:00,45.6,0.008849557522123862
CPIAUCSL,fred,1973-11-01T00:00:00+00:00,45.9,0.00657894736842099
CPIAUCSL,fred,1973-12-01T00:00:00+00:00,46.3,0.008714596949891037
CPIAUCSL,fred,1974-01-01T00:00:00+00:00,46.8,0.010799136069114472
CPIAUCSL,fred,1974-02-01T00:00:00+00:00,47.3,0.010683760683760684
CPIAUCSL,fred,1974-03-01T00:00:00+00:00,47.8,0.010570824524312896
CPIAUCSL,fred,1974-04-01T00:00:00+00:00,48.1,0.006276150627615152
CPIAUCSL,fred,1974-05-01T00:00:00+00:00,48.6,0.010395010395010394
CPIAUCSL,fred,1974-06-01T00:00:00+00:00,49.0,0.00823045267489709
CPIAUCSL,fred,1974-07-01T00:00:00+00:00,49.3,0.006122448979591778
CPIAUCSL,fred,1974-08-01T00:00:00+00:00,49.9,0.012170385395537555
CPIAUCSL,fred,1974-09-01T00:00:00+00:00,50.6,0.014028056112224506
CPIAUCSL,fred,1974-10-01T00:00:00+00:00,51.0,0.00790513833992092
CPIAUCSL,fred,1974-11-01T00:00:00+00:00,51.5,0.00980392156862745
CPIAUCSL,fred,1974-12-01T00:00:00+00:00,51.9,0.007766990291262109
CPIAUCSL,fred,1975-01-01T00:00:00+00:00,52.3,0.007707129094412304
CPIAUCSL,fred,1975-02-01T00:00:00+00:00,52.6,0.005736137667304097
CPIAUCSL,fred,1975-03-01T00:00:00+00:00,52.8,0.0038022813688212117
CPIAUCSL,fred,1975-04-01T00:00:00+00:00,53.0,0.0037878787878788418
CPIAUCSL,fred,1975-05-01T00:00:00+00:00,53.1,0.0018867924528302156
CPIAUCSL,fred,1975-06-01T00:00:00+00:00,53.5,0.007532956685499031
CPIAUCSL,fred,1975-07-01T00:00:00+00:00,54.0,0.009345794392523364
CPIAUCSL,fred,1975-08-01T00:00:00+00:00,54.2,0.0037037037037037563
CPIAUCSL,fred,1975-09-01T00:00:00+00:00,54.6,0.007380073800737981
CPIAUCSL,fred,1975-10-01T00:00:00+00:00,54.9,0.005494505494505442
CPIAUCSL,fred,1975-11-01T00:00:00+00:00,55.3,0.007285974499089227
CPIAUCSL,fred,1975-12-01T00:00:00+00:00,55.6,0.005424954792043477
CPIAUCSL,fred,1976-01-01T00:00:00+00:00,55.8,0.003597122302158197
CPIAUCSL,fred,1976-02-01T00:00:00+00:00,55.9,0.0017921146953405274
CPIAUCSL,fred,1976-03-01T00:00:00+00:00,56.0,0.001788908765652977
CPIAUCSL,fred,1976-04-01T00:00:00+00:00,56.1,0.001785714285714311
CPIAUCSL,fred,1976-05-01T00:00:00+00:00,56.4,0.00534759358288765
CPIAUCSL,fred,1976-06-01T00:00:00+00:00,56.7,0.005319148936170288
CPIAUCSL,fred,1976-07-01T00:00:00+00:00,57.0,0.00529100529100524
CPIAUCSL,fred,1976-08-01T00:00:00+00:00,57.3,0.0052631578947367925
CPIAUCSL,fred,1976-09-01T00:00:00+00:00,57.6,0.005235602094240913
CPIAUCSL,fred,1976-10-01T00:00:00+00:00,57.9,0.005208333333333284
CPIAUCSL,fred,1976-11-01T00:00:00+00:00,58.1,0.003454231433506094
CPIAUCSL,fred,1976-12-01T00:00:00+00:00,58.4,0.005163511187607524
CPIAUCSL,fred,1977-01-01T00:00:00+00:00,58.7,0.0051369863013699365
CPIAUCSL,fred,1977-02-01T00:00:00+00:00,59.3,0.01022146507666089
CPIAUCSL,fred,1977-03-01T00:00:00+00:00,59.6,0.005059021922428402
CPIAUCSL,fred,1977-04-01T00:00:00+00:00,60.0,0.00671140939597313
CPIAUCSL,fred,1977-05-01T00:00:00+00:00,60.2,0.003333333333333381
CPIAUCSL,fred,1977-06-01T00:00:00+00:00,60.5,0.00498338870431889
CPIAUCSL,fred,1977-07-01T00:00:00+00:00,60.8,0.004958677685950366
CPIAUCSL,fred,1977-08-01T00:00:00+00:00,61.1,0.0049342105263158595
CPIAUCSL,fred,1977-09-01T00:00:00+00:00,61.3,0.003273322422258523
CPIAUCSL,fred,1977-10-01T00:00:00+00:00,61.6,0.004893964110929923
CPIAUCSL,fred,1977-11-01T00:00:00+00:00,62.0,0.0064935064935064705
CPIAUCSL,fred,1977-12-01T00:00:00+00:00,62.3,0.004838709677419309
CPIAUCSL,fred,1978-01-01T00:00:00+00:00,62.7,0.006420545746388535
CPIAUCSL,fred,1978-02-01T00:00:00+00:00,63.0,0.004784688995215266
CPIAUCSL,fred,1978-03-01T00:00:00+00:00,63.4,0.006349206349206327
CPIAUCSL,fred,1978-04-01T00:00:00+00:00,63.9,0.007886435331230283
CPIAUCSL,fred,1978-05-01T00:00:00+00:00,64.5,0.00938967136150237
CPIAUCSL,fred,1978-06-01T00:00:00+00:00,65.0,0.007751937984496124
CPIAUCSL,fred,1978-07-01T00:00:00+00:00,65.5,0.007692307692307693
CPIAUCSL,fred,1978-08-01T00:00:00+00:00,65.9,0.00610687022900772
CPIAUCSL,fred,1978-09-01T00:00:00+00:00,66.5,0.009104704097116757
CPIAUCSL,fred,1978-10-01T00:00:00+00:00,67.1,0.009022556390977357
CPIAUCSL,fred,1978-11-01T00:00:00+00:00,67.5,0.005961251862891292
CPIAUCSL,fred,1978-12-01T00:00:00+00:00,67.9,0.00592592592592601
CPIAUCSL,fred,1979-01-01T00:00:00+00:00,68.5,0.008836524300441741
CPIAUCSL,fred,1979-02-01T00:00:00+00:00,69.2,0.010218978102189823
CPIAUCSL,fred,1979-03-01T00:00:00+00:00,69.9,0.010115606936416225
CPIAUCSL,fred,1979-04-01T00:00:00+00:00,70.6,0.010014306151645044
CPIAUCSL,fred,1979-05-01T00:00:00+00:00,71.4,0.01133144475920696
CPIAUCSL,fred,1979-06-01T00:00:00+00:00,72.2,0.011204481792717045
CPIAUCSL,fred,1979-07-01T00:00:00+00:00,73.0,0.01108033240997226
CPIAUCSL,fred,1979-08-01T00:00:00+00:00,73.7,0.00958904109589045
CPIAUCSL,fred,1979-09-01T00:00:00+00:00,74.4,0.009497964721845357
CPIAUCSL,fred,1979-10-01T00:00:00+00:00,75.2,0.010752688172042972
CPIAUCSL,fred,1979-11-01T00:00:00+00:00,76.0,0.010638297872340387
CPIAUCSL,fred,1979-12-01T00:00:00+00:00,76.9,0.01184210526315797
CPIAUCSL,fred,1980-01-01T00:00:00+00:00,78.0,0.014304291287386141
CPIAUCSL,fred,1980-02-01T00:00:00+00:00,79.0,0.01282051282051282
CPIAUCSL,fred,1980-03-01T00:00:00+00:00,80.1,0.013924050632911321
CPIAUCSL,fred,1980-04-01T00:00:00+00:00,80.9,0.009987515605493276
CPIAUCSL,fred,1980-05-01T00:00:00+00:00,81.7,0.009888751545117393
CPIAUCSL,fred,1980-06-01T00:00:00+00:00,82.5,0.009791921664626647
CPIAUCSL,fred,1980-07-01T00:00:00+00:00,82.6,0.0012121212121211432
CPIAUCSL,fred,1980-08-01T00:00:00+00:00,83.2,0.00726392251815991
CPIAUCSL,fred,1980-09-01T00:00:00+00:00,83.9,0.008413461538461573
CPIAUCSL,fred,1980-10-01T00:00:00+00:00,84.7,0.009535160905840251
CPIAUCSL,fred,1980-11-01T00:00:00+00:00,85.6,0.01062573789846507
CPIAUCSL,fred,1980-12-01T00:00:00+00:00,86.4,0.009345794392523497
CPIAUCSL,fred,1981-01-01T00:00:00+00:00,87.2,0.009259259259259226
CPIAUCSL,fred,1981-02-01T00:00:00+00:00,88.0,0.009174311926605472
CPIAUCSL,fred,1981-03-01T00:00:00+00:00,88.6,0.006818181818181754
CPIAUCSL,fred,1981-04-01T00:00:00+00:00,89.1,0.0056433408577878106
CPIAUCSL,fred,1981-05-01T00:00:00+00:00,89.7,0.00673400673400683
CPIAUCSL,fred,1981-06-01T00:00:00+00:00,90.5,0.008918617614269757
CPIAUCSL,fred,1981-07-01T00:00:00+00:00,91.5,0.011049723756906077
CPIAUCSL,fred,1981-08-01T00:00:00+00:00,92.2,0.007650273224043747
CPIAUCSL,fred,1981-09-01T00:00:00+00:00,93.1,0.009761388286333963
CPIAUCSL,fred,1981-10-01T00:00:00+00:00,93.4,0.0032223415682063523
CPIAUCSL,fred,1981-11-01T00:00:00+00:00,93.8,0.004282655246252585
CPIAUCSL,fred,1981-12-01T00:00:00+00:00,94.1,0.003198294243070332
CPIAUCSL,fred,1982-01-01T00:00:00+00:00,94.4,0.003188097768331683
CPIAUCSL,fred,1982-02-01T00:00:00+00:00,94.7,0.003177966101694885
CPIAUCSL,fred,1982-03-01T00:00:00+00:00,94.7,0.0
CPIAUCSL,fred,1982-04-01T00:00:00+00:00,95.0,0.003167898627243898
CPIAUCSL,fred,1982-05-01T00:00:00+00:00,95.9,0.009473684210526375
CPIAUCSL,fred,1982-06-01T00:00:00+00:00,97.0,0.011470281543274185
CPIAUCSL,fred,1982-07-01T00:00:00+00:00,97.5,0.005154639175257732
CPIAUCSL,fred,1982-08-01T00:00:00+00:00,97.7,0.0020512820512820803
CPIAUCSL,fred,1982-09-01T00:00:00+00:00,97.7,0.0
CPIAUCSL,fred,1982-10-01T00:00:00+00:00,98.1,0.004094165813715368
CPIAUCSL,fred,1982-11-01T00:00:00+00:00,98.0,-0.0010193679918449982
CPIAUCSL,fred,1982-12-01T00:00:00+00:00,97.7,-0.003061224489795889
CPIAUCSL,fred,1983-01-01T00:00:00+00:00,97.9,0.002047082906857757
CPIAUCSL,fred,1983-02-01T00:00:00+00:00,98.0,0.0010214504596526488
CPIAUCSL,fred,1983-03-01T00:00:00+00:00,98.1,0.001020408163265248
CPIAUCSL,fred,1983-04-01T00:00:00+00:00,98.8,0.007135575942915422
CPIAUCSL,fred,1983-05-01T00:00:00+00:00,99.2,0.004048582995951474
CPIAUCSL,fred,1983-06-01T00:00:00+00:00,99.4,0.002016129032258093
CPIAUCSL,fred,1983-07-01T00:00:00+00:00,99.8,0.004024144869215205
CPIAUCSL,fred,1983-08-01T00:00:00+00:00,100.1,0.003006012024048068
CPIAUCSL,fred,1983-09-01T00:00:00+00:00,100.4,0.0029970029970031106
CPIAUCSL,fred,1983-10-01T00:00:00+00:00,100.8,0.003984063745019835
CPIAUCSL,fred,1983-11-01T00:00:00+00:00,101.1,0.0029761904761904483
CPIAUCSL,fred,1983-12-01T00:00:00+00:00,101.4,0.0029673590504452163
CPIAUCSL,fred,1984-01-01T00:00:00+00:00,102.1,0.006903353057199099
CPIAUCSL,fred,1984-02-01T00:00:00+00:00,102.6,0.004897159647404506
CPIAUCSL,fred,1984-03-01T00:00:00+00:00,102.9,0.0029239766081872454
CPIAUCSL,fred,1984-04-01T00:00:00+00:00,103.3,0.0038872691933915593
CPIAUCSL,fred,1984-05-01T00:00:00+00:00,103.5,0.0019361084220716636
CPIAUCSL,fred,1984-06-01T00:00:00+00:00,103.7,0.0019323671497584816
CPIAUCSL,fred,1984-07-01T00:00:00+00:00,104.1,0.0038572806171648165
CPIAUCSL,fred,1984-08-01T00:00:00+00:00,104.4,0.0028818443804035677
CPIAUCSL,fred,1984-09-01T00:00:00+00:00,104.7,0.0028735632183907772
CPIAUCSL,fred,1984-10-01T00:00:00+00:00,105.1,0.0038204393505252288
CPIAUCSL,fred,1984-11-01T00:00:00+00:00,105.3,0.0019029495718363735
CPIAUCSL,fred,1984-12-01T00:00:00+00:00,105.5,0.001899335232668593
CPIAUCSL,fred,1985-01-01T00:00:00+00:00,105.7,0.001895734597156425
CPIAUCSL,fred,1985-02-01T00:00:00+00:00,106.3,0.005676442762535424
CPIAUCSL,fred,1985-03-01T00:00:00+00:00,106.8,0.004703668861712136
CPIAUCSL,fred,1985-04-01T00:00:00+00:00,107.0,0.0018726591760299892
CPIAUCSL,fred,1985-05-01T00:00:00+00:00,107.2,0.0018691588785046994
CPIAUCSL,fred,1985-06-01T00:00:00+00:00,107.5,0.0027985074626865405
CPIAUCSL,fred,1985-07-01T00:00:00+00:00,107.7,0.0018604651162790961
CPIAUCSL,fred,1985-08-01T00:00:00+00:00,107.9,0.0018570102135562008
CPIAUCSL,fred,1985-09-01T00:00:00+00:00,108.1,0.0018535681186282542
CPIAUCSL,fred,1985-10-01T00:00:00+00:00,108.5,0.0037002775208141137
CPIAUCSL,fred,1985-11-01T00:00:00+00:00,109.0,0.004608294930875576
CPIAUCSL,fred,1985-12-01T00:00:00+00:00,109.5,0.0045871559633027525
CPIAUCSL,fred,1986-01-01T00:00:00+00:00,109.9,0.0036529680365297323
CPIAUCSL,fred,1986-02-01T00:00:00+00:00,109.7,-0.0018198362147406992
CPIAUCSL,fred,1986-03-01T00:00:00+00:00,109.1,-0.005469462169553405
CPIAUCSL,fred,1986-04-01T00:00:00+00:00,108.7,-0.0036663611365718744
CPIAUCSL,fred,1986-05-01T00:00:00+00:00,109.0,0.002759889604415797
CPIAUCSL,fred,1986-06-01T00:00:00+00:00,109.4,0.003669724770642254
CPIAUCSL,fred,1986-07-01T00:00:00+00:00,109.5,0.0009140767824496737
CPIAUCSL,fred,1986-08-01T00:00:00+00:00,109.6,0.0009132420091323681
CPIAUCSL,fred,1986-09-01T00:00:00+00:00,110.0,0.0036496350364964023
CPIAUCSL,fred,1986-10-01T00:00:00+00:00,110.2,0.001818181818181844
CPIAUCSL,fred,1986-11-01T00:00:00+00:00,110.4,0.0018148820326679023
CPIAUCSL,fred,1986-12-01T00:00:00+00:00,110.8,0.003623188405797024
CPIAUCSL,fred,1987-01-01T00:00:00+00:00,111.4,0.005415162454873723
CPIAUCSL,fred,1987-02-01T00:00:00+00:00,111.8,0.003590664272890408
CPIAUCSL,fred,1987-03-01T00:00:00+00:00,112.2,0.003577817531305954
CPIAUCSL,fred,1987-04-01T00:00:00+00:00,112.7,0.004456327985739751
CPIAUCSL,fred,1987-05-01T00:00:00+00:00,113.0,0.0026619343389529472
CPIAUCSL,fred,1987-06-01T00:00:00+00:00,113.5,0.004424778761061947
CPIAUCSL,fred,1987-07-01T00:00:00+00:00,113.8,0.0026431718061673756
CPIAUCSL,fred,1987-08-01T00:00:00+00:00,114.3,0.004393673110720563
CPIAUCSL,fred,1987-09-01T00:00:00+00:00,114.7,0.003499562554680715
CPIAUCSL,fred,1987-10-01T00:00:00+00:00,115.0,0.0026155187445509776
CPIAUCSL,fred,1987-11-01T00:00:00+00:00,115.4,0.003478260869565267
CPIAUCSL,fred,1987-12-01T00:00:00+00:00,115.6,0.0017331022530328304
CPIAUCSL,fred,1988-01-01T00:00:00+00:00,116.0,0.003460207612456797
CPIAUCSL,fred,1988-02-01T00:00:00+00:00,116.2,0.0017241379310345072
CPIAUCSL,fred,1988-03-01T00:00:00+00:00,116.5,0.002581755593803762
CPIAUCSL,fred,1988-04-01T00:00:00+00:00,117.2,0.006008583690987149
CPIAUCSL,fred,1988-05-01T00:00:00+00:00,117.5,0.0025597269624573135
CPIAUCSL,fred,1988-06-01T00:00:00+00:00,118.0,0.00425531914893617
CPIAUCSL,fred,1988-07-01T00:00:00+00:00,118.5,0.00423728813559322
CPIAUCSL,fred,1988-08-01T00:00:00+00:00,119.0,0.004219409282700422
CPIAUCSL,fred,1988-09-01T00:00:00+00:00,119.5,0.004201680672268907
CPIAUCSL,fred,1988-10-01T00:00:00+00:00,119.9,0.003347280334728081
CPIAUCSL,fred,1988-11-01T00:00:00+00:00,120.3,0.003336113427856476
CPIAUCSL,fred,1988-12-01T00:00:00+00:00,120.7,0.003325020781379931
CPIAUCSL,fred,1989-01-01T00:00:00+00:00,121.2,0.004142502071251036
CPIAUCSL,fred,1989-02-01T00:00:00+00:00,121.6,0.00330033003300323
CPIAUCSL,fred,1989-03-01T00:00:00+00:00,122.2,0.0049342105263158595
CPIAUCSL,fred,1989-04-01T00:00:00+00:00,123.1,0.007364975450081763
CPIAUCSL,fred,1989-05-01T00:00:00+00:00,123.7,0.004874086108854659
CPIAUCSL,fred,1989-06-01T00:00:00+00:00,124.1,0.0032336297493936253
CPIAUCSL,fred,1989-07-01T00:00:00+00:00,124.5,0.003223207091055646
CPIAUCSL,fred,1989-08-01T00:00:00+00:00,124.5,0.0
CPIAUCSL,fred,1989-09-01T00:00:00+00:00,124.8,0.0024096385542168447
CPIAUCSL,fred,1989-10-01T00:00:00+00:00,125.4,0.0048076923076923765
CPIAUCSL,fred,1989-11-01T00:00:00+00:00,125.9,0.003987240829346092
CPIAUCSL,fred,1989-12-01T00:00:00+00:00,126.3,0.0031771247021444913
CPIAUCSL,fred,1990-01-01T00:00:00+00:00,127.5,0.00950118764845608
CPIAUCSL,fred,1990-02-01T00:00:00+00:00,128.0,0.00392156862745098
CPIAUCSL,fred,1990-03-01T00:00:00+00:00,128.6,0.004687499999999956
CPIAUCSL,fred,1990-04-01T00:00:00+00:00,128.9,0.0023328149300156408
CPIAUCSL,fred,1990-05-01T00:00:00+00:00,129.1,0.0015515903801395549
CPIAUCSL,fred,1990-06-01T00:00:00+00:00,129.9,0.006196746707978399
CPIAUCSL,fred,1990-07-01T00:00:00+00:00,130.5,0.004618937644341757
CPIAUCSL,fred,1990-08-01T00:00:00+00:00,131.6,0.008429118773946316
CPIAUCSL,fred,1990-09-01T00:00:00+00:00,132.5,0.006838905775076031
CPIAUCSL,fred,1990-10-01T00:00:00+00:00,133.4,0.0067924528301887225
CPIAUCSL,fred,1990-11-01T00:00:00+00:00,133.7,0.0022488755622187624
CPIAUCSL,fred,1990-12-01T00:00:00+00:00,134.2,0.0037397157816005987
CPIAUCSL,fred,1991-01-01T00:00:00+00:00,134.7,0.003725782414307005
CPIAUCSL,fred,1991-02-01T00:00:00+00:00,134.8,0.0007423904974018021
CPIAUCSL,fred,1991-03-01T00:00:00+00:00,134.8,0.0
CPIAUCSL,fred,1991-04-01T00:00:00+00:00,135.1,0.0022255192878337013
CPIAUCSL,fred,1991-05-01T00:00:00+00:00,135.6,0.0037009622501850484
CPIAUCSL,fred,1991-06-01T00:00:00+00:00,136.0,0.0029498525073746733
CPIAUCSL,fred,1991-07-01T00:00:00+00:00,136.2,0.0014705882352940341
CPIAUCSL,fred,1991-08-01T00:00:00+00:00,136.6,0.002936857562408265
CPIAUCSL,fred,1991-09-01T00:00:00+00:00,137.0,0.0029282576866764692
CPIAUCSL,fred,1991-10-01T00:00:00+00:00,137.2,0.0014598540145984572
CPIAUCSL,fred,1991-11-01T00:00:00+00:00,137.8,0.0043731778425657635
CPIAUCSL,fred,1991-12-01T00:00:00+00:00,138.2,0.0029027576197385866
CPIAUCSL,fred,1992-01-01T00:00:00+00:00,138.3,0.0007235890014473426
CPIAUCSL,fred,1992-02-01T00:00:00+00:00,138.6,0.002169197396963
CPIAUCSL,fred,1992-03-01T00:00:00+00:00,139.1,0.0036075036075036075
CPIAUCSL,fred,1992-04-01T00:00:00+00:00,139.4,0.002156721782890089
CPIAUCSL,fred,1992-05-01T00:00:00+00:00,139.7,0.0021520803443327327
CPIAUCSL,fred,1992-06-01T00:00:00+00:00,140.1,0.002863278453829676
CPIAUCSL,fred,1992-07-01T00:00:00+00:00,140.5,0.0028551034975018252
CPIAUCSL,fred,1992-08-01T00:00:00+00:00,140.8,0.0021352313167260595
CPIAUCSL,fred,1992-09-01T00:00:00+00:00,141.1,0.002130681818181697
CPIAUCSL,fred,1992-10-01T00:00:00+00:00,141.7,0.004252303330970902
CPIAUCSL,fred,1992-11-01T00:00:00+00:00,142.1,0.0028228652081863496
CPIAUCSL,fred,1992-12-01T00:00:00+00:00,142.3,0.0014074595355384734
CPIAUCSL,fred,1993-01-01T00:00:00+00:00,142.8,0.0035137034434293743
CPIAUCSL,fred,1993-02-01T00:00:00+00:00,143.1,0.002100840336134334
CPIAUCSL,fred,1993-03-01T00:00:00+00:00,143.3,0.0013976240391335923
CPIAUCSL,fred,1993-04-01T00:00:00+00:00,143.8,0.003489183531053733
CPIAUCSL,fred,1993-05-01T00:00:00+00:00,144.2,0.0027816411682891323
CPIAUCSL,fred,1993-06-01T00:00:00+00:00,144.3,0.0006934812760057056
CPIAUCSL,fred,1993-07-01T00:00:00+00:00,144.5,0.001386001386001307
CPIAUCSL,fred,1993-08-01T00:00:00+00:00,144.8,0.002076124567474127
CPIAUCSL,fred,1993-09-01T00:00:00+00:00,145.0,0.0013812154696131811
CPIAUCSL,fred,1993-10-01T00:00:00+00:00,145.6,0.00413793103448272
CPIAUCSL,fred,1993-11-01T00:00:00+00:00,146.0,0.0027472527472527865
CPIAUCSL,fred,1993-12-01T00:00:00+00:00,146.3,0.002054794520548023
CPIAUCSL,fred,1994-01-01T00:00:00+00:00,146.3,0.0
CPIAUCSL,fred,1994-02-01T00:00:00+00:00,146.7,0.0027341079972657365
CPIAUCSL,fred,1994-03-01T00:00:00+00:00,147.1,0.002726653033401539
CPIAUCSL,fred,1994-04-01T00:00:00+00:00,147.2,0.0006798096532970382
CPIAUCSL,fred,1994-05-01T00:00:00+00:00,147.5,0.002038043478260947
CPIAUCSL,fred,1994-06-01T00:00:00+00:00,147.9,0.0027118644067796994
CPIAUCSL,fred,1994-07-01T00:00:00+00:00,148.4,0.0033806626098715348
CPIAUCSL,fred,1994-08-01T00:00:00+00:00,149.0,0.00404312668463608
CPIAUCSL,fred,1994-09-01T00:00:00+00:00,149.3,0.0020134228187920224
CPIAUCSL,fred,1994-10-01T00:00:00+00:00,149.4,0.0006697923643670081
CPIAUCSL,fred,1994-11-01T00:00:00+00:00,149.8,0.002677376171352113
CPIAUCSL,fred,1994-12-01T00:00:00+00:00,150.1,0.0020026702269691785
CPIAUCSL,fred,1995-01-01T00:00:00+00:00,150.5,0.002664890073284515
CPIAUCSL,fred,1995-02-01T00:00:00+00:00,150.9,0.0026578073089701375
CPIAUCSL,fred,1995-03-01T00:00:00+00:00,151.2,0.001988071570576428
CPIAUCSL,fred,1995-04-01T00:00:00+00:00,151.8,0.003968253968254119
CPIAUCSL,fred,1995-05-01T00:00:00+00:00,152.1,0.0019762845849801247
CPIAUCSL,fred,1995-06-01T00:00:00+00:00,152.4,0.001972386587771278
CPIAUCSL,fred,1995-07-01T00:00:00+00:00,152.6,0.0013123359580051747
CPIAUCSL,fred,1995-08-01T00:00:00+00:00,152.9,0.0019659239842726825
CPIAUCSL,fred,1995-09-01T00:00:00+00:00,153.1,0.001308044473512025
CPIAUCSL,fred,1995-10-01T00:00:00+00:00,153.5,0.0026126714565643744
CPIAUCSL,fred,1995-11-01T00:00:00+00:00,153.7,0.0013029315960911311
CPIAUCSL,fred,1995-12-01T00:00:00+00:00,153.9,0.0013012361743657585
CPIAUCSL,fred,1996-01-01T00:00:00+00:00,154.7,0.005198180636777017
CPIAUCSL,fred,1996-02-01T00:00:00+00:00,155.0,0.001939237233354954
CPIAUCSL,fred,1996-03-01T00:00:00+00:00,155.5,0.0032258064516129032
CPIAUCSL,fred,1996-04-01T00:00:00+00:00,156.1,0.003858520900321507
CPIAUCSL,fred,1996-05-01T00:00:00+00:00,156.4,0.0019218449711723984
CPIAUCSL,fred,1996-06-01T00:00:00+00:00,156.7,0.001918158567774827
CPIAUCSL,fred,1996-07-01T00:00:00+00:00,157.0,0.0019144862795150695
CPIAUCSL,fred,1996-08-01T00:00:00+00:00,157.2,0.0012738853503183988
CPIAUCSL,fred,1996-09-01T00:00:00+00:00,157.7,0.0031806615776081427
CPIAUCSL,fred,1996-10-01T00:00:00+00:00,158.2,0.0031705770450221942
CPIAUCSL,fred,1996-11-01T00:00:00+00:00,158.7,0.003160556257901391
CPIAUCSL,fred,1996-12-01T00:00:00+00:00,159.1,0.002520478890989324
CPIAUCSL,fred,1997-01-01T00:00:00+00:00,159.4,0.001885606536769399
CPIAUCSL,fred,1997-02-01T00:00:00+00:00,159.7,0.0018820577164365302
CPIAUCSL,fred,1997-03-01T00:00:00+00:00,159.8,0.0006261740763933798
CPIAUCSL,fred,1997-04-01T00:00:00+00:00,159.9,0.0006257822277846953
CPIAUCSL,fred,1997-05-01T00:00:00+00:00,159.9,0.0
CPIAUCSL,fred,1997-06-01T00:00:00+00:00,160.2,0.0018761726078798183
CPIAUCSL,fred,1997-07-01T00:00:00+00:00,160.4,0.0012484394506867482
CPIAUCSL,fred,1997-08-01T00:00:00+00:00,160.8,0.0024937655860349482
CPIAUCSL,fred,1997-09-01T00:00:00+00:00,161.2,0.002487562189054585
CPIAUCSL,fred,1997-10-01T00:00:00+00:00,161.5,0.0018610421836228995
CPIAUCSL,fred,1997-11-01T00:00:00+00:00,161.7,0.0012383900928791866
CPIAUCSL,fred,1997-12-01T00:00:00+00:00,161.8,0.000618429189857902
CPIAUCSL,fred,1998-01-01T00:00:00+00:00,162.0,0.0012360939431396083
CPIAUCSL,fred,1998-02-01T00:00:00+00:00,162.0,0.0
CPIAUCSL,fred,1998-03-01T00:00:00+00:00,162.0,0.0
CPIAUCSL,fred,1998-04-01T00:00:00+00:00,162.2,0.0012345679012344976
CPIAUCSL,fred,1998-05-01T00:00:00+00:00,162.6,0.002466091245376114
CPIAUCSL,fred,1998-06-01T00:00:00+00:00,162.8,0.0012300123001231062
CPIAUCSL,fred,1998-07-01T00:00:00+00:00,163.2,0.0024570024570023173
CPIAUCSL,fred,1998-08-01T00:00:00+00:00,163.4,0.0012254901960785359
CPIAUCSL,fred,1998-09-01T00:00:00+00:00,163.5,0.0006119951040391328
CPIAUCSL,fred,1998-10-01T00:00:00+00:00,163.9,0.0024464831804281695
CPIAUCSL,fred,1998-11-01T00:00:00+00:00,164.1,0.0012202562538132314
CPIAUCSL,fred,1998-12-01T00:00:00+00:00,164.4,0.001828153564899521
CPIAUCSL,fred,1999-01-01T00:00:00+00:00,164.7,0.0018248175182480715
CPIAUCSL,fred,1999-02-01T00:00:00+00:00,164.7,0.0
CPIAUCSL,fred,1999-03-01T00:00:00+00:00,164.8,0.0006071645415909092
CPIAUCSL,fred,1999-04-01T00:00:00+00:00,165.9,0.006674757281553363
CPIAUCSL,fred,1999-05-01T00:00:00+00:00,166.0,0.0006027727546714546
CPIAUCSL,fred,1999-06-01T00:00:00+00:00,166.0,0.0
CPIAUCSL,fred,1999-07-01T00:00:00+00:00,166.7,0.00421686746987945
CPIAUCSL,fred,1999-08-01T00:00:00+00:00,167.1,0.002399520095980838
CPIAUCSL,fred,1999-09-01T00:00:00+00:00,167.8,0.004189108318372334
CPIAUCSL,fred,1999-10-01T00:00:00+00:00,168.1,0.0017878426698449518
CPIAUCSL,fred,1999-11-01T00:00:00+00:00,168.4,0.0017846519928614597
CPIAUCSL,fred,1999-12-01T00:00:00+00:00,168.8,0.0023752969121140478
CPIAUCSL,fred,2000-01-01T00:00:00+00:00,169.3,0.002962085308056872
CPIAUCSL,fred,2000-02-01T00:00:00+00:00,170.0,0.004134672179562838
CPIAUCSL,fred,2000-03-01T00:00:00+00:00,171.0,0.0058823529411764705
CPIAUCSL,fred,2000-04-01T00:00:00+00:00,170.9,-0.0005847953216373936
CPIAUCSL,fred,2000-05-01T00:00:00+00:00,171.2,0.0017554125219425567
CPIAUCSL,fred,2000-06-01T00:00:00+00:00,172.2,0.0058411214953271035
CPIAUCSL,fred,2000-07-01T00:00:00+00:00,172.7,0.0029036004645760743
CPIAUCSL,fred,2000-08-01T00:00:00+00:00,172.7,0.0
CPIAUCSL,fred,2000-09-01T00:00:00+00:00,173.6,0.0052113491603937795
CPIAUCSL,fred,2000-10-01T00:00:00+00:00,173.9,0.0017281105990784066
CPIAUCSL,fred,2000-11-01T00:00:00+00:00,174.2,0.0017251293847037547
CPIAUCSL,fred,2000-12-01T00:00:00+00:00,174.6,0.0022962112514351646
CPIAUCSL,fred,2001-01-01T00:00:00+00:00,175.6,0.00572737686139748
CPIAUCSL,fred,2001-02-01T00:00:00+00:00,176.0,0.0022779043280182557
CPIAUCSL,fred,2001-03-01T00:00:00+00:00,176.1,0.0005681818181817858
CPIAUCSL,fred,2001-04-01T00:00:00+00:00,176.4,0.001703577512776896
CPIAUCSL,fred,2001-05-01T00:00:00+00:00,177.3,0.005102040816326562
CPIAUCSL,fred,2001-06-01T00:00:00+00:00,177.7,0.002256063169768625
CPIAUCSL,fred,2001-07-01T00:00:00+00:00,177.4,-0.0016882386043893245
CPIAUCSL,fred,2001-08-01T00:00:00+00:00,177.4,0.0
CPIAUCSL,fred,2001-09-01T00:00:00+00:00,178.1,0.003945885005636914
CPIAUCSL,fred,2001-10-01T00:00:00+00:00,177.6,-0.002807411566535654
CPIAUCSL,fred,2001-11-01T00:00:00+00:00,177.5,-0.0005630630630630311
CPIAUCSL,fred,2001-12-01T00:00:00+00:00,177.4,-0.0005633802816901088
CPIAUCSL,fred,2002-01-01T00:00:00+00:00,177.7,0.0016910935738443233
CPIAUCSL,fred,2002-02-01T00:00:00+00:00,178.0,0.0016882386043894845
CPIAUCSL,fred,2002-03-01T00:00:00+00:00,178.5,0.0028089887640449437
CPIAUCSL,fred,2002-04-01T00:00:00+00:00,179.3,0.004481792717086899
CPIAUCSL,fred,2002-05-01T00:00:00+00:00,179.5,0.001115448968209641
CPIAUCSL,fred,2002-06-01T00:00:00+00:00,179.6,0.0005571030640668207
CPIAUCSL,fred,2002-07-01T00:00:00+00:00,180.0,0.0022271714922049313
CPIAUCSL,fred,2002-08-01T00:00:00+00:00,180.5,0.002777777777777778
CPIAUCSL,fred,2002-09-01T00:00:00+00:00,180.8,0.001662049861495908
CPIAUCSL,fred,2002-10-01T00:00:00+00:00,181.2,0.0022123893805308477
CPIAUCSL,fred,2002-11-01T00:00:00+00:00,181.5,0.0016556291390729106
CPIAUCSL,fred,2002-12-01T00:00:00+00:00,181.8,0.0016528925619835337
CPIAUCSL,fred,2003-01-01T00:00:00+00:00,182.6,0.0044004400440043065
CPIAUCSL,fred,2003-02-01T00:00:00+00:00,183.6,0.00547645125958379
CPIAUCSL,fred,2003-03-01T00:00:00+00:00,183.9,0.0016339869281046372
CPIAUCSL,fred,2003-04-01T00:00:00+00:00,183.2,-0.0038064165307233116
CPIAUCSL,fred,2003-05-01T00:00:00+00:00,182.9,-0.0016375545851527455
CPIAUCSL,fred,2003-06-01T00:00:00+00:00,183.1,0.0010934937124110913
CPIAUCSL,fred,2003-07-01T00:00:00+00:00,183.7,0.0032768978700163536
CPIAUCSL,fred,2003-08-01T00:00:00+00:00,184.5,0.004354926510615195
CPIAUCSL,fred,2003-09-01T00:00:00+00:00,185.1,0.0032520325203251725
CPIAUCSL,fred,2003-10-01T00:00:00+00:00,184.9,-0.00108049702863311
CPIAUCSL,fred,2003-11-01T00:00:00+00:00,185.0,0.0005408328826392337
CPIAUCSL,fred,2003-12-01T00:00:00+00:00,185.5,0.002702702702702703
CPIAUCSL,fred,2004-01-01T00:00:00+00:00,186.3,0.004312668463611921
CPIAUCSL,fred,2004-02-01T00:00:00+00:00,186.7,0.0021470746108426045
CPIAUCSL,fred,2004-03-01T00:00:00+00:00,187.1,0.002142474558114653
CPIAUCSL,fred,2004-04-01T00:00:00+00:00,187.4,0.0016034206306788422
CPIAUCSL,fred,2004-05-01T00:00:00+00:00,188.2,0.004268943436499376
CPIAUCSL,fred,2004-06-01T00:00:00+00:00,188.9,0.003719447396386913
CPIAUCSL,fred,2004-07-01T00:00:00+00:00,189.1,0.001058761249338214
CPIAUCSL,fred,2004-08-01T00:00:00+00:00,189.2,0.000528820729772577
CPIAUCSL,fred,2004-09-01T00:00:00+00:00,189.8,0.0031712473572939894
CPIAUCSL,fred,2004-10-01T00:00:00+00:00,190.8,0.005268703898840885
CPIAUCSL,fred,2004-11-01T00:00:00+00:00,191.7,0.004716981132075352
CPIAUCSL,fred,2004-12-01T00:00:00+00:00,191.7,0.0
CPIAUCSL,fred,2005-01-01T00:00:00+00:00,191.6,-0.000521648408972323
CPIAUCSL,fred,2005-02-01T00:00:00+00:00,192.4,0.0041753653444677
CPIAUCSL,fred,2005-03-01T00:00:00+00:00,193.1,0.003638253638253579
CPIAUCSL,fred,2005-04-01T00:00:00+00:00,193.7,0.003107198342827521
CPIAUCSL,fred,2005-05-01T00:00:00+00:00,193.6,-0.0005162622612286748
CPIAUCSL,fred,2005-06-01T00:00:00+00:00,193.7,0.0005165289256198053
CPIAUCSL,fred,2005-07-01T00:00:00+00:00,194.9,0.006195147134744538
CPIAUCSL,fred,2005-08-01T00:00:00+00:00,196.1,0.0061570035915853695
CPIAUCSL,fred,2005-09-01T00:00:00+00:00,198.8,0.013768485466598762
CPIAUCSL,fred,2005-10-01T00:00:00+00:00,199.1,0.0015090543259556484
CPIAUCSL,fred,2005-11-01T00:00:00+00:00,198.1,-0.005022601707684581
CPIAUCSL,fred,2005-12-01T00:00:00+00:00,198.1,0.0
CPIAUCSL,fred,2006-01-01T00:00:00+00:00,199.3,0.006057546693589183
CPIAUCSL,fred,2006-02-01T00:00:00+00:00,199.4,0.0005017561465127662
CPIAUCSL,fred,2006-03-01T00:00:00+00:00,199.7,0.00150451354062178
CPIAUCSL,fred,2006-04-01T00:00:00+00:00,200.7,0.005007511266900351
CPIAUCSL,fred,2006-05-01T00:00:00+00:00,201.3,0.0029895366218237306
CPIAUCSL,fred,2006-06-01T00:00:00+00:00,201.8,0.0024838549428713363
CPIAUCSL,fred,2006-07-01T00:00:00+00:00,202.9,0.005450941526263599
CPIAUCSL,fred,2006-08-01T00:00:00+00:00,203.8,0.004435682602267154
CPIAUCSL,fred,2006-09-01T00:00:00+00:00,202.8,-0.004906771344455348
CPIAUCSL,fred,2006-10-01T00:00:00+00:00,201.9,-0.004437869822485235
CPIAUCSL,fred,2006-11-01T00:00:00+00:00,202.0,0.0004952947003466781
CPIAUCSL,fred,2006-12-01T00:00:00+00:00,203.1,0.005445544554455417
CPIAUCSL,fred,2007-01-01T00:00:00+00:00,203.437,0.0016592811422945224
CPIAUCSL,fred,2007-02-01T00:00:00+00:00,204.226,0.0038783505458691745
CPIAUCSL,fred,2007-03-01T00:00:00+00:00,205.288,0.005200121434097578
CPIAUCSL,fred,2007-04-01T00:00:00+00:00,205.904,0.003000662483924951
CPIAUCSL,fred,2007-05-01T00:00:00+00:00,206.755,0.004132994016629104
CPIAUCSL,fred,2007-06-01T00:00:00+00:00,207.234,0.0023167517109623148
CPIAUCSL,fred,2007-07-01T00:00:00+00:00,207.603,0.0017805958481716309
CPIAUCSL,fred,2007-08-01T00:00:00+00:00,207.667,0.00030828070885292094
CPIAUCSL,fred,2007-09-01T00:00:00+00:00,208.547,0.004237553390765001
CPIAUCSL,fred,2007-10-01T00:00:00+00:00,209.19,0.0030832378312802425
CPIAUCSL,fred,2007-11-01T00:00:00+00:00,210.834,0.007858884267890462
CPIAUCSL,fred,2007-12-01T00:00:00+00:00,211.445,0.0028980145517325953
CPIAUCSL,fred,2008-01-01T00:00:00+00:00,212.174,0.003447705076970434
CPIAUCSL,fred,2008-02-01T00:00:00+00:00,212.687,0.0024178268779398286
CPIAUCSL,fred,2008-03-01T00:00:00+00:00,213.448,0.0035780278061188302
CPIAUCSL,fred,2008-04-01T00:00:00+00:00,213.942,0.0023143810202016406
CPIAUCSL,fred,2008-05-01T00:00:00+00:00,215.208,0.0059174916566171725
CPIAUCSL,fred,2008-06-01T00:00:00+00:00,217.463,0.010478235009850914
CPIAUCSL,fred,2008-07-01T00:00:00+00:00,219.016,0.007141444751520936
CPIAUCSL,fred,2008-08-01T00:00:00+00:00,218.69,-0.0014884757278006786
CPIAUCSL,fred,2008-09-01T00:00:00+00:00,218.877,0.0008550916822900537
CPIAUCSL,fred,2008-10-01T00:00:00+00:00,216.995,-0.008598436564828671
CPIAUCSL,fred,2008-11-01T00:00:00+00:00,213.153,-0.017705477084725516
CPIAUCSL,fred,2008-12-01T00:00:00+00:00,211.398,-0.008233522399403224
CPIAUCSL,fred,2009-01-01T00:00:00+00:00,211.933,0.0025307713412614907
CPIAUCSL,fred,2009-02-01T00:00:00+00:00,212.705,0.0036426606521873413
CPIAUCSL,fred,2009-03-01T00:00:00+00:00,212.495,-0.0009872828565384356
CPIAUCSL,fred,2009-04-01T00:00:00+00:00,212.709,0.0010070825195886899
CPIAUCSL,fred,2009-05-01T00:00:00+00:00,213.022,0.0014714939189220397
CPIAUCSL,fred,2009-06-01T00:00:00+00:00,214.79,0.008299612246622418
CPIAUCSL,fred,2009-07-01T00:00:00+00:00,214.726,-0.00029796545463007103
CPIAUCSL,fred,2009-08-01T00:00:00+00:00,215.445,0.0033484533777930667
CPIAUCSL,fred,2009-09-01T00:00:00+00:00,215.861,0.0019308872334006212
CPIAUCSL,fred,2009-10-01T00:00:00+00:00,216.509,0.003001931798703778
CPIAUCSL,fred,2009-11-01T00:00:00+00:00,217.234,0.003348590589767736
CPIAUCSL,fred,2009-12-01T00:00:00+00:00,217.347,0.0005201763996427794
CPIAUCSL,fred,2010-01-01T00:00:00+00:00,217.488,0.0006487322116246883
CPIAUCSL,fred,2010-02-01T00:00:00+00:00,217.281,-0.0009517766497461637
CPIAUCSL,fred,2010-03-01T00:00:00+00:00,217.353,0.0003313681361923165
CPIAUCSL,fred,2010-04-01T00:00:00+00:00,217.403,0.00023004053314186113
CPIAUCSL,fred,2010-05-01T00:00:00+00:00,217.29,-0.0005197720362644469
CPIAUCSL,fred,2010-06-01T00:00:00+00:00,217.199,-0.00041879515854378836
CPIAUCSL,fred,2010-07-01T00:00:00+00:00,217.605,0.001869253541682869
CPIAUCSL,fred,2010-08-01T00:00:00+00:00,217.923,0.0014613634796995108
CPIAUCSL,fred,2010-09-01T00:00:00+00:00,218.275,0.001615249422961339
CPIAUCSL,fred,2010-10-01T00:00:00+00:00,219.035,0.003481846294811549
CPIAUCSL,fred,2010-11-01T00:00:00+00:00,219.59,0.0025338416234848625
CPIAUCSL,fred,2010-12-01T00:00:00+00:00,220.472,0.0040165763468282024
CPIAUCSL,fred,2011-01-01T00:00:00+00:00,221.187,0.0032430422003701304
CPIAUCSL,fred,2011-02-01T00:00:00+00:00,221.898,0.0032144746300640827
CPIAUCSL,fred,2011-03-01T00:00:00+00:00,223.046,0.005173548206833753
CPIAUCSL,fred,2011-04-01T00:00:00+00:00,224.093,0.004694098975099294
CPIAUCSL,fred,2011-05-01T00:00:00+00:00,224.806,0.003181714734507648
CPIAUCSL,fred,2011-06-01T00:00:00+00:00,224.806,0.0
CPIAUCSL,fred,2011-07-01T00:00:00+00:00,225.395,0.0026200368317571532
CPIAUCSL,fred,2011-08-01T00:00:00+00:00,226.106,0.0031544621664188837
CPIAUCSL,fred,2011-09-01T00:00:00+00:00,226.597,0.0021715478580843226
CPIAUCSL,fred,2011-10-01T00:00:00+00:00,226.75,0.0006752075270192967
CPIAUCSL,fred,2011-11-01T00:00:00+00:00,227.169,0.0018478500551268406
CPIAUCSL,fred,2011-12-01T00:00:00+00:00,227.223,0.0002377084901549157
CPIAUCSL,fred,2012-01-01T00:00:00+00:00,227.842,0.002724196054096635
CPIAUCSL,fred,2012-02-01T00:00:00+00:00,228.329,0.0021374461249462117
CPIAUCSL,fred,2012-03-01T00:00:00+00:00,228.807,0.002093470387029156
CPIAUCSL,fred,2012-04-01T00:00:00+00:00,229.187,0.0016607883500068788
CPIAUCSL,fred,2012-05-01T00:00:00+00:00,228.713,-0.00206818013238106
CPIAUCSL,fred,2012-06-01T00:00:00+00:00,228.524,-0.0008263631713107386
CPIAUCSL,fred,2012-07-01T00:00:00+00:00,228.59,0.00028880992806008343
CPIAUCSL,fred,2012-08-01T00:00:00+00:00,229.918,0.005809527975851975
CPIAUCSL,fred,2012-09-01T00:00:00+00:00,231.015,0.004771266277542341
CPIAUCSL,fred,2012-10-01T00:00:00+00:00,231.638,0.0026967945804385815
CPIAUCSL,fred,2012-11-01T00:00:00+00:00,231.249,-0.0016793444944266916
CPIAUCSL,fred,2012-12-01T00:00:00+00:00,231.221,-0.00012108160467717304
CPIAUCSL,fred,2013-01-01T00:00:00+00:00,231.679,0.0019807889421808505
CPIAUCSL,fred,2013-02-01T00:00:00+00:00,232.937,0.00542992675210101
CPIAUCSL,fred,2013-03-01T00:00:00+00:00,232.282,-0.0028119191025899755
CPIAUCSL,fred,2013-04-01T00:00:00+00:00,231.797,-0.002087979266581197
CPIAUCSL,fred,2013-05-01T00:00:00+00:00,231.893,0.00041415548950160546
CPIAUCSL,fred,2013-06-01T00:00:00+00:00,232.445,0.0023804082055085426
CPIAUCSL,fred,2013-07-01T00:00:00+00:00,232.9,0.0019574523005442684
CPIAUCSL,fred,2013-08-01T00:00:00+00:00,233.456,0.002387290682696364
CPIAUCSL,fred,2013-09-01T00:00:00+00:00,233.544,0.00037694469193347903
CPIAUCSL,fred,2013-10-01T00:00:00+00:00,233.669,0.0005352310485390333
CPIAUCSL,fred,2013-11-01T00:00:00+00:00,234.1,0.001844489427352294
CPIAUCSL,fred,2013-12-01T00:00:00+00:00,234.719,0.0026441691584792814
CPIAUCSL,fred,2014-01-01T00:00:00+00:00,235.288,0.0024241752904537632
CPIAUCSL,fred,2014-02-01T00:00:00+00:00,235.547,0.0011007786202440674
CPIAUCSL,fred,2014-03-01T00:00:00+00:00,236.028,0.0020420553010651573
CPIAUCSL,fred,2014-04-01T00:00:00+00:00,236.468,0.0018641856050976907
CPIAUCSL,fred,2014-05-01T00:00:00+00:00,236.918,0.0019030059035472751
CPIAUCSL,fred,2014-06-01T00:00:00+00:00,237.231,0.0013211322060796907
CPIAUCSL,fred,2014-07-01T00:00:00+00:00,237.498,0.0011254852864928948
CPIAUCSL,fred,2014-08-01T00:00:00+00:00,237.46,-0.0001600013473796937
CPIAUCSL,fred,2014-09-01T00:00:00+00:00,237.477,7.159100480079132e-05
CPIAUCSL,fred,2014-10-01T00:00:00+00:00,237.43,-0.00019791390324114353
CPIAUCSL,fred,2014-11-01T00:00:00+00:00,236.983,-0.0018826601524660014
CPIAUCSL,fred,2014-12-01T00:00:00+00:00,236.252,-0.003084609444559291
CPIAUCSL,fred,2015-01-01T00:00:00+00:00,234.747,-0.006370316441765553
CPIAUCSL,fred,2015-02-01T00:00:00+00:00,235.342,0.0025346436802174206
CPIAUCSL,fred,2015-03-01T00:00:00+00:00,235.976,0.0026939517808125457
CPIAUCSL,fred,2015-04-01T00:00:00+00:00,236.222,0.001042478896158971
CPIAUCSL,fred,2015-05-01T00:00:00+00:00,237.001,0.0032977453412467777
CPIAUCSL,fred,2015-06-01T00:00:00+00:00,237.657,0.0027679208104607403
CPIAUCSL,fred,2015-07-01T00:00:00+00:00,238.034,0.0015863197801873335
CPIAUCSL,fred,2015-08-01T00:00:00+00:00,238.033,-4.201080517929266e-06
CPIAUCSL,fred,2015-09-01T00:00:00+00:00,237.498,-0.002247587519377551
CPIAUCSL,fred,2015-10-01T00:00:00+00:00,237.733,0.0009894820166907244
CPIAUCSL,fred,2015-11-01T00:00:00+00:00,238.017,0.0011946174910508504
CPIAUCSL,fred,2015-12-01T00:00:00+00:00,237.761,-0.0010755534268560658
CPIAUCSL,fred,2016-01-01T00:00:00+00:00,237.652,-0.0004584435630738804
CPIAUCSL,fred,2016-02-01T00:00:00+00:00,237.336,-0.0013296753235822719
CPIAUCSL,fred,2016-03-01T00:00:00+00:00,238.08,0.003134796238244513
CPIAUCSL,fred,2016-04-01T00:00:00+00:00,238.992,0.0038306451612902287
CPIAUCSL,fred,2016-05-01T00:00:00+00:00,239.557,0.002364095869317792
CPIAUCSL,fred,2016-06-01T00:00:00+00:00,240.222,0.0027759572878272
CPIAUCSL,fred,2016-07-01T00:00:00+00:00,240.101,-0.0005037007434789874
CPIAUCSL,fred,2016-08-01T00:00:00+00:00,240.545,0.0018492217858317474
CPIAUCSL,fred,2016-09-01T00:00:00+00:00,241.176,0.0026232097944251607
CPIAUCSL,fred,2016-10-01T00:00:00+00:00,241.741,0.0023426874979269336
CPIAUCSL,fred,2016-11-01T00:00:00+00:00,242.026,0.001178947716771241
CPIAUCSL,fred,2016-12-01T00:00:00+00:00,242.637,0.0025245221587762885
CPIAUCSL,fred,2017-01-01T00:00:00+00:00,243.618,0.00404307669481569
CPIAUCSL,fred,2017-02-01T00:00:00+00:00,244.006,0.0015926573570097663
CPIAUCSL,fred,2017-03-01T00:00:00+00:00,243.892,-0.00046720162618953766
CPIAUCSL,fred,2017-04-01T00:00:00+00:00,244.193,0.0012341528217408367
CPIAUCSL,fred,2017-05-01T00:00:00+00:00,244.004,-0.0007739779600562726
CPIAUCSL,fred,2017-06-01T00:00:00+00:00,244.163,0.0006516286618252989
CPIAUCSL,fred,2017-07-01T00:00:00+00:00,244.243,0.0003276499715353435
CPIAUCSL,fred,2017-08-01T00:00:00+00:00,245.183,0.0038486261632881915
CPIAUCSL,fred,2017-09-01T00:00:00+00:00,246.435,0.005106389920997824
CPIAUCSL,fred,2017-10-01T00:00:00+00:00,246.626,0.0007750522450139083
CPIAUCSL,fred,2017-11-01T00:00:00+00:00,247.284,0.002668007428251632
CPIAUCSL,fred,2017-12-01T00:00:00+00:00,247.805,0.0021068892447550793
CPIAUCSL,fred,2018-01-01T00:00:00+00:00,248.859,0.00425334436351164
CPIAUCSL,fred,2018-02-01T00:00:00+00:00,249.529,0.00269228760060913
CPIAUCSL,fred,2018-03-01T00:00:00+00:00,249.577,0.00019236241078192043
CPIAUCSL,fred,2018-04-01T00:00:00+00:00,250.227,0.0026044066560620797
CPIAUCSL,fred,2018-05-01T00:00:00+00:00,250.792,0.0022579497815982995
CPIAUCSL,fred,2018-06-01T00:00:00+00:00,251.018,0.0009011451720948
CPIAUCSL,fred,2018-07-01T00:00:00+00:00,251.214,0.0007808204989283555
CPIAUCSL,fred,2018-08-01T00:00:00+00:00,251.663,0.0017873207703392815
CPIAUCSL,fred,2018-09-01T00:00:00+00:00,252.182,0.002062281702117423
CPIAUCSL,fred,2018-10-01T00:00:00+00:00,252.772,0.002339580144498828
CPIAUCSL,fred,2018-11-01T00:00:00+00:00,252.594,-0.0007041919199911275
CPIAUCSL,fred,2018-12-01T00:00:00+00:00,252.767,0.0006848935445814304
CPIAUCSL,fred,2019-01-01T00:00:00+00:00,252.561,-0.0008149798035344363
CPIAUCSL,fred,2019-02-01T00:00:00+00:00,253.319,0.003001255142321979
CPIAUCSL,fred,2019-03-01T00:00:00+00:00,254.277,0.0037817929172308373
CPIAUCSL,fred,2019-04-01T00:00:00+00:00,255.233,0.003759679404743714
CPIAUCSL,fred,2019-05-01T00:00:00+00:00,255.296,0.00024683328566442496
CPIAUCSL,fred,2019-06-01T00:00:00+00:00,255.213,-0.0003251128102281211
CPIAUCSL,fred,2019-07-01T00:00:00+00:00,255.802,0.002307876166182752
CPIAUCSL,fred,2019-08-01T00:00:00+00:00,256.036,0.0009147700174353949
CPIAUCSL,fred,2019-09-01T00:00:00+00:00,256.43,0.0015388460997672415
CPIAUCSL,fred,2019-10-01T00:00:00+00:00,257.155,0.0028272822992628237
CPIAUCSL,fred,2019-11-01T00:00:00+00:00,257.879,0.0028154226050438316
CPIAUCSL,fred,2019-12-01T00:00:00+00:00,258.63,0.0029122185210892562
CPIAUCSL,fred,2020-01-01T00:00:00+00:00,259.127,0.0019216641534238646
CPIAUCSL,fred,2020-02-01T00:00:00+00:00,259.25,0.00047467072130650395
CPIAUCSL,fred,2020-03-01T00:00:00+00:00,258.076,-0.004528447444551507
CPIAUCSL,fred,2020-04-01T00:00:00+00:00,256.032,-0.007920147553434025
CPIAUCSL,fred,2020-05-01T00:00:00+00:00,255.802,-0.0008983252093487915
CPIAUCSL,fred,2020-06-01T00:00:00+00:00,257.042,0.004847499237691576
CPIAUCSL,fred,2020-07-01T00:00:00+00:00,258.352,0.005096443382793483
CPIAUCSL,fred,2020-08-01T00:00:00+00:00,259.316,0.0037313432835820847
CPIAUCSL,fred,2020-09-01T00:00:00+00:00,259.997,0.0026261395363187776
CPIAUCSL,fred,2020-10-01T00:00:00+00:00,260.319,0.0012384758285672631
CPIAUCSL,fred,2020-11-01T00:00:00+00:00,260.911,0.0022741328907993057
CPIAUCSL,fred,2020-12-01T00:00:00+00:00,262.045,0.0043463096611488766
CPIAUCSL,fred,2021-01-01T00:00:00+00:00,262.639,0.0022667862390047286
CPIAUCSL,fred,2021-02-01T00:00:00+00:00,263.573,0.0035562121390957514
CPIAUCSL,fred,2021-03-01T00:00:00+00:00,264.847,0.004833575517977946
CPIAUCSL,fred,2021-04-01T00:00:00+00:00,266.625,0.0067133099487629464
CPIAUCSL,fred,2021-05-01T00:00:00+00:00,268.404,0.006672292545710254
CPIAUCSL,fred,2021-06-01T00:00:00+00:00,270.71,0.008591526206762876
CPIAUCSL,fred,2021-07-01T00:00:00+00:00,271.965,0.004635957297476989
CPIAUCSL,fred,2021-08-01T00:00:00+00:00,272.752,0.002893754711084274
CPIAUCSL,fred,2021-09-01T00:00:00+00:00,273.942,0.004362937760309723
CPIAUCSL,fred,2021-10-01T00:00:00+00:00,276.528,0.009439954442911319
CPIAUCSL,fred,2021-11-01T00:00:00+00:00,278.824,0.008302956662616415
CPIAUCSL,fred,2021-12-01T00:00:00+00:00,280.806,0.00710842682122045
CPIAUCSL,fred,2022-01-01T00:00:00+00:00,282.542,0.006182204083958285
CPIAUCSL,fred,2022-02-01T00:00:00+00:00,284.525,0.007018425579205938
CPIAUCSL,fred,2022-03-01T00:00:00+00:00,287.467,0.010340040418240954
CPIAUCSL,fred,2022-04-01T00:00:00+00:00,288.582,0.003878706077567196
CPIAUCSL,fred,2022-05-01T00:00:00+00:00,291.299,0.009415001628653155
CPIAUCSL,fred,2022-06-01T00:00:00+00:00,295.072,0.01295232733377054
CPIAUCSL,fred,2022-07-01T00:00:00+00:00,294.94,-0.00044734844376967316
CPIAUCSL,fred,2022-08-01T00:00:00+00:00,295.162,0.0007526954634840306
CPIAUCSL,fred,2022-09-01T00:00:00+00:00,296.421,0.004265454225137431
CPIAUCSL,fred,2022-10-01T00:00:00+00:00,297.979,0.005256037865063517
CPIAUCSL,fred,2022-11-01T00:00:00+00:00,298.708,0.0024464811278648558
CPIAUCSL,fred,2022-12-01T00:00:00+00:00,298.808,0.0003347750980889895
CPIAUCSL,fred,2023-01-01T00:00:00+00:00,300.456,0.005515247249069719
CPIAUCSL,fred,2023-02-01T00:00:00+00:00,301.476,0.0033948398434379135
CPIAUCSL,fred,2023-03-01T00:00:00+00:00,301.643,0.0005539412755906711
CPIAUCSL,fred,2023-04-01T00:00:00+00:00,302.858,0.004027940313549566
CPIAUCSL,fred,2023-05-01T00:00:00+00:00,303.316,0.0015122598709625301
CPIAUCSL,fred,2023-06-01T00:00:00+00:00,304.099,0.0025814661936726566
CPIAUCSL,fred,2023-07-01T00:00:00+00:00,304.615,0.0016968158395786227
CPIAUCSL,fred,2023-08-01T00:00:00+00:00,306.138,0.004999753787567808
CPIAUCSL,fred,2023-09-01T00:00:00+00:00,307.374,0.004037394900339216
CPIAUCSL,fred,2023-10-01T00:00:00+00:00,307.653,0.0009076890042749105
CPIAUCSL,fred,2023-11-01T00:00:00+00:00,308.087,0.0014106802143972886
CPIAUCSL,fred,2023-12-01T00:00:00+00:00,308.735,0.0021033019893732115
CPIAUCSL,fred,2024-01-01T00:00:00+00:00,309.794,0.003430126159975283
CPIAUCSL,fred,2024-02-01T00:00:00+00:00,311.022,0.003963924414288233
CPIAUCSL,fred,2024-03-01T00:00:00+00:00,312.107,0.0034884992058440765
CPIAUCSL,fred,2024-04-01T00:00:00+00:00,313.016,0.0029124627131079783
CPIAUCSL,fred,2024-05-01T00:00:00+00:00,313.14,0.000396145883916371
CPIAUCSL,fred,2024-06-01T00:00:00+00:00,313.131,-2.8741138149117175e-05
CPIAUCSL,fred,2024-07-01T00:00:00+00:00,313.566,0.0013891949375820418
CPIAUCSL,fred,2024-08-01T00:00:00+00:00,314.131,0.001801853517281841
CPIAUCSL,fred,2024-09-01T00:00:00+00:00,314.851,0.0022920373984103046
CPIAUCSL,fred,2024-10-01T00:00:00+00:00,315.564,0.002264563237849085
CPIAUCSL,fred,2024-11-01T00:00:00+00:00,316.449,0.002804502414724084
CPIAUCSL,fred,2024-12-01T00:00:00+00:00,317.603,0.00364671716453519
CPIAUCSL,fred,2025-01-01T00:00:00+00:00,319.086,0.0046693513600312465
CPIAUCSL,fred,2025-02-01T00:00:00+00:00,319.775,0.0021592924791434425
CPIAUCSL,fred,2025-03-01T00:00:00+00:00,319.615,-0.0005003518098662127
CPIAUCSL,fred,2025-04-01T00:00:00+00:00,320.321,0.0022089075919466145
CPIAUCSL,fred,2025-05-01T00:00:00+00:00,320.58,0.0008085639093283228
CPIAUCSL,fred,2025-06-01T00:00:00+00:00,321.5,0.002869798490236496
CPIAUCSL,fred,2025-07-01T00:00:00+00:00,322.132,0.001965785381026454
CPIAUCSL,fred,2025-08-01T00:00:00+00:00,323.364,0.0038245191412215208
